{
    "name": "root",
    "gauges": {
        "CameraAgent.Policy.Entropy.mean": {
            "value": 3.454557180404663,
            "min": 3.4528486728668213,
            "max": 3.4655160903930664,
            "count": 40
        },
        "CameraAgent.Policy.Entropy.sum": {
            "value": 1658.1875,
            "min": 1657.3673095703125,
            "max": 1774.34423828125,
            "count": 40
        },
        "CameraAgent.Environment.EpisodeLength.mean": {
            "value": 31.0,
            "min": 31.0,
            "max": 31.0,
            "count": 40
        },
        "CameraAgent.Environment.EpisodeLength.sum": {
            "value": 465.0,
            "min": 465.0,
            "max": 496.0,
            "count": 40
        },
        "CameraAgent.Step.mean": {
            "value": 19968.0,
            "min": 480.0,
            "max": 19968.0,
            "count": 40
        },
        "CameraAgent.Step.sum": {
            "value": 19968.0,
            "min": 480.0,
            "max": 19968.0,
            "count": 40
        },
        "CameraAgent.Policy.ExtrinsicValueEstimate.mean": {
            "value": 0.9404032230377197,
            "min": -0.34817078709602356,
            "max": 1.0079536437988281,
            "count": 40
        },
        "CameraAgent.Policy.ExtrinsicValueEstimate.sum": {
            "value": 14.106048583984375,
            "min": -5.222561836242676,
            "max": 16.12725830078125,
            "count": 40
        },
        "CameraAgent.Environment.CumulativeReward.mean": {
            "value": 4.15600266456604,
            "min": 4.059086367487907,
            "max": 4.301112592220306,
            "count": 40
        },
        "CameraAgent.Environment.CumulativeReward.sum": {
            "value": 62.3400399684906,
            "min": 61.646395683288574,
            "max": 68.8178014755249,
            "count": 40
        },
        "CameraAgent.Policy.ExtrinsicReward.mean": {
            "value": 4.15600266456604,
            "min": 4.059086367487907,
            "max": 4.301112592220306,
            "count": 40
        },
        "CameraAgent.Policy.ExtrinsicReward.sum": {
            "value": 62.3400399684906,
            "min": 61.646395683288574,
            "max": 68.8178014755249,
            "count": 40
        },
        "CameraAgent.IsTraining.mean": {
            "value": 1.0,
            "min": 1.0,
            "max": 1.0,
            "count": 40
        },
        "CameraAgent.IsTraining.sum": {
            "value": 1.0,
            "min": 1.0,
            "max": 1.0,
            "count": 40
        },
        "CameraAgent.Losses.PolicyLoss.mean": {
            "value": 0.05127509924932383,
            "min": 0.035847620529239066,
            "max": 0.056625485944096,
            "count": 9
        },
        "CameraAgent.Losses.PolicyLoss.sum": {
            "value": 0.05127509924932383,
            "min": 0.035847620529239066,
            "max": 0.056625485944096,
            "count": 9
        },
        "CameraAgent.Losses.ValueLoss.mean": {
            "value": 0.025977754616178572,
            "min": 0.021530309750232846,
            "max": 0.5925444783642888,
            "count": 9
        },
        "CameraAgent.Losses.ValueLoss.sum": {
            "value": 0.025977754616178572,
            "min": 0.021530309750232846,
            "max": 0.5925444783642888,
            "count": 9
        },
        "CameraAgent.Policy.LearningRate.mean": {
            "value": 1.9200093599999983e-05,
            "min": 1.9200093599999983e-05,
            "max": 0.00026880001039999995,
            "count": 9
        },
        "CameraAgent.Policy.LearningRate.sum": {
            "value": 1.9200093599999983e-05,
            "min": 1.9200093599999983e-05,
            "max": 0.00026880001039999995,
            "count": 9
        },
        "CameraAgent.Policy.Epsilon.mean": {
            "value": 0.1064,
            "min": 0.1064,
            "max": 0.18960000000000002,
            "count": 9
        },
        "CameraAgent.Policy.Epsilon.sum": {
            "value": 0.1064,
            "min": 0.1064,
            "max": 0.18960000000000002,
            "count": 9
        },
        "CameraAgent.Policy.Beta.mean": {
            "value": 0.0003293599999999998,
            "min": 0.0003293599999999998,
            "max": 0.00448104,
            "count": 9
        },
        "CameraAgent.Policy.Beta.sum": {
            "value": 0.0003293599999999998,
            "min": 0.0003293599999999998,
            "max": 0.00448104,
            "count": 9
        }
    },
    "metadata": {
        "timer_format_version": "0.1.0",
        "start_time_seconds": "1778953100",
        "python_version": "3.10.11 (tags/v3.10.11:7d4cc5a, Apr  5 2023, 00:38:17) [MSC v.1929 64 bit (AMD64)]",
        "command_line_arguments": "D:\\Downloads_IDM\\ActiveReconstruction_Final\\mlagent_env\\lib\\site-packages\\mlagents\\trainers\\learn.py camera_agent.yaml --run-id=CameraPPO_v1 --num-envs=1 --time-scale=20",
        "mlagents_version": "1.1.0",
        "mlagents_envs_version": "1.1.0",
        "communication_protocol_version": "1.5.0",
        "pytorch_version": "2.1.2+cpu",
        "numpy_version": "1.23.5",
        "end_time_seconds": "1778953592"
    },
    "total": 492.2939921999932,
    "count": 1,
    "self": 0.019677800009958446,
    "children": {
        "run_training.setup": {
            "total": 0.22437820001505315,
            "count": 1,
            "self": 0.22437820001505315
        },
        "TrainerController.start_learning": {
            "total": 492.0499361999682,
            "count": 1,
            "self": 0.6169324025977403,
            "children": {
                "TrainerController._reset_env": {
                    "total": 18.920654400018975,
                    "count": 1,
                    "self": 18.920654400018975
                },
                "TrainerController.advance": {
                    "total": 472.3844228973612,
                    "count": 20032,
                    "self": 0.5827542920596898,
                    "children": {
                        "env_step": {
                            "total": 456.56315200502286,
                            "count": 20032,
                            "self": 420.1775702004088,
                            "children": {
                                "SubprocessEnvManager._take_step": {
                                    "total": 35.9607729021227,
                                    "count": 20032,
                                    "self": 1.5380849012872204,
                                    "children": {
                                        "TorchPolicy.evaluate": {
                                            "total": 34.42268800083548,
                                            "count": 20032,
                                            "self": 34.42268800083548
                                        }
                                    }
                                },
                                "workers": {
                                    "total": 0.4248089024913497,
                                    "count": 20032,
                                    "self": 0.0,
                                    "children": {
                                        "worker_root": {
                                            "total": 473.04169589845696,
                                            "count": 20032,
                                            "is_parallel": true,
                                            "self": 83.82550920441281,